<?xml version="1.0" encoding="UTF-8" standalone="yes" ?>
<Forms>
    <SpriteFile Name="ERMSprites.xml"/>
    <Form Class="Window" LAnchorPoint="0" LAnchorOffset="161" TAnchorPoint="0" TAnchorOffset="228" RAnchorPoint="0" RAnchorOffset="491" BAnchorPoint="0" BAnchorOffset="246" RelativeToClient="1" Font="Default" Text="" BGColor="ff232323" TextColor="UI_WindowTextDefault" Template="Default" TooltipType="OnCursor" Name="Bar" Border="0" Picture="1" SwallowMouseClicks="1" Moveable="0" Escapable="0" Overlapped="1" TooltipColor="" Sprite="WhiteFill" Sizable="0" Tooltip="" Visible="1" IgnoreMouse="1">
        <Control Class="Window" LAnchorPoint="0" LAnchorOffset="0" TAnchorPoint="-1" TAnchorOffset="0" RAnchorPoint="1" RAnchorOffset="0" BAnchorPoint="2" BAnchorOffset="0" RelativeToClient="1" Font="Default" Text="" BGColor="UI_WindowBGDefault" TextColor="UI_WindowTextDefault" Template="Default" TooltipType="OnCursor" Name="Glow" TooltipColor="" IgnoreMouse="1" NoClip="1" Visible="0" TextId="" DT_CENTER="1" DT_VCENTER="1" HideInEditor="0">
            <Control Class="Window" LAnchorPoint="0" LAnchorOffset="-15" TAnchorPoint="0.333333333" TAnchorOffset="-15" RAnchorPoint="1" RAnchorOffset="15" BAnchorPoint="0.6666666666" BAnchorOffset="15" RelativeToClient="1" Font="Default" Text="" BGColor="AttributeName" TextColor="UI_WindowTextDefault" Template="Default" TooltipType="OnCursor" Name="BG" TooltipColor="" Sprite="ERMSprites:Glow" Picture="1" IgnoreMouse="1" Visible="1" HideInEditor="0" NoClip="1"/>
            <Control Class="Window" LAnchorPoint="0.30" LAnchorOffset="-14" TAnchorPoint="0" TAnchorOffset="-14" RAnchorPoint="0.70" RAnchorOffset="14" BAnchorPoint="1" BAnchorOffset="14" RelativeToClient="1" Font="Default" Text="" BGColor="black" TextColor="UI_WindowTextDefault" Template="Default" TooltipType="OnCursor" Name="Zone" TooltipColor="" Sprite="ERMSprites:Glow" Picture="1" IgnoreMouse="1" NoClip="1"/>
        </Control>
        <Control Class="Window" LAnchorPoint="0.3" LAnchorOffset="0" TAnchorPoint="-1" TAnchorOffset="0" RAnchorPoint="0.7" RAnchorOffset="0" BAnchorPoint="2" BAnchorOffset="0" RelativeToClient="1" Font="Default" Text="" BGColor="FFCF5300" TextColor="UI_WindowTextDefault" Template="Default" TooltipType="OnCursor" Name="InTheZone" TooltipColor="" Sprite="WhiteFill" Picture="1" IgnoreMouse="1" NoClip="1" NewWindowDepth="1">
            <Pixie LAnchorPoint="0" LAnchorOffset="0" TAnchorPoint="0" TAnchorOffset="0" RAnchorPoint="1" RAnchorOffset="0" BAnchorPoint="0" BAnchorOffset="1" Sprite="WhiteFill" BGColor="black" TextColor="black" Rotation="0" Font="Default"/>
            <Pixie LAnchorPoint="1" LAnchorOffset="-1" TAnchorPoint="0" TAnchorOffset="0" RAnchorPoint="1" RAnchorOffset="0" BAnchorPoint="1" BAnchorOffset="0" Sprite="WhiteFill" BGColor="black" TextColor="black" Rotation="0" Font="Default"/>
            <Pixie LAnchorPoint="0" LAnchorOffset="0" TAnchorPoint="1" TAnchorOffset="-1" RAnchorPoint="1" RAnchorOffset="0" BAnchorPoint="1" BAnchorOffset="0" Sprite="WhiteFill" BGColor="black" TextColor="black" Rotation="0" Font="Default"/>
            <Pixie LAnchorPoint="0" LAnchorOffset="0" TAnchorPoint="0" TAnchorOffset="0" RAnchorPoint="0" RAnchorOffset="1" BAnchorPoint="1" BAnchorOffset="0" Sprite="WhiteFill" BGColor="black" TextColor="black" Rotation="0" Font="Default"/>
        </Control>
        <Control Class="Window" LAnchorPoint="0" LAnchorOffset="-1" TAnchorPoint="-4" TAnchorOffset="0" RAnchorPoint="0" RAnchorOffset="1" BAnchorPoint="5" BAnchorOffset="0" RelativeToClient="1" Font="Default" Text="" BGColor="darkgray" TextColor="UI_WindowTextDefault" Template="Default" TooltipType="OnCursor" Name="VolValue" TooltipColor="" Sprite="WhiteFill" Picture="1" IgnoreMouse="1" NewWindowDepth="1" NoClip="1"/>
        <Pixie LAnchorPoint="0" LAnchorOffset="0" TAnchorPoint="0" TAnchorOffset="0" RAnchorPoint="1" RAnchorOffset="0" BAnchorPoint="0" BAnchorOffset="1" Sprite="WhiteFill" BGColor="black" TextColor="black" Rotation="0" Font="Default" Text=""/>
        <Pixie LAnchorPoint="1" LAnchorOffset="-1" TAnchorPoint="0" TAnchorOffset="0" RAnchorPoint="1" RAnchorOffset="0" BAnchorPoint="1" BAnchorOffset="0" Sprite="WhiteFill" BGColor="black" TextColor="black" Rotation="0" Font="Default"/>
        <Pixie LAnchorPoint="0" LAnchorOffset="0" TAnchorPoint="1" TAnchorOffset="-1" RAnchorPoint="1" RAnchorOffset="0" BAnchorPoint="1" BAnchorOffset="0" Sprite="WhiteFill" BGColor="black" TextColor="black" Rotation="0" Font="Default"/>
        <Pixie LAnchorPoint="0" LAnchorOffset="0" TAnchorPoint="0" TAnchorOffset="0" RAnchorPoint="0" RAnchorOffset="1" BAnchorPoint="1" BAnchorOffset="0" Sprite="WhiteFill" BGColor="black" TextColor="black" Rotation="0" Font="Default"/>
        <Control Class="Window" LAnchorPoint="0" LAnchorOffset="0" TAnchorPoint="0" TAnchorOffset="0" RAnchorPoint="1" RAnchorOffset="0" BAnchorPoint="1" BAnchorOffset="0" RelativeToClient="1" Font="Default" Text="" BGColor="UI_WindowBGDefault" TextColor="UI_WindowTextDefault" Template="Default" TooltipType="OnCursor" Name="GainDrains" TooltipColor="" IgnoreMouse="1" NoClip="1"/>
    </Form>
    <Form Class="Window" LAnchorPoint="0" LAnchorOffset="-1" TAnchorPoint="-2" TAnchorOffset="0" RAnchorPoint="0" RAnchorOffset="1" BAnchorPoint="3" BAnchorOffset="0" RelativeToClient="1" Font="Default" Text="" BGColor="black" TextColor="UI_WindowTextDefault" Template="Default" TooltipType="OnCursor" Name="GainDrain" Border="0" Picture="1" SwallowMouseClicks="1" Moveable="0" Escapable="0" Overlapped="1" TooltipColor="" NoClip="1" NewWindowDepth="1" Sprite="WhiteFill" Tooltip=""/>
    <Form Class="Window" LAnchorPoint="0.5" LAnchorOffset="-10" TAnchorPoint="0" TAnchorOffset="-10" RAnchorPoint="0.5" RAnchorOffset="10" BAnchorPoint="0" BAnchorOffset="10" RelativeToClient="1" Font="CRB_Pixel_O" Text="" BGColor="UI_WindowBGDefault" TextColor="UI_WindowTextDefault" Template="Default" TooltipType="OnCursor" Name="Icon" Border="0" Picture="1" SwallowMouseClicks="1" Moveable="0" Escapable="0" Overlapped="1" TooltipColor="" Sprite="IconSprites:Icon_SkillMisc_Explorer_safefail" NoClip="1" Tooltip="" TextId="" DT_CENTER="1" DT_VCENTER="1" AutoScaleTextOff="1"/>
    <Form Class="Window" LAnchorPoint="0.5" LAnchorOffset="-247" TAnchorPoint="0.5" TAnchorOffset="-253" RAnchorPoint="0.5" RAnchorOffset="324" BAnchorPoint="0.5" BAnchorOffset="248" RelativeToClient="1" Font="Default" Text="" BGColor="UI_WindowBGDefault" TextColor="UI_WindowTextDefault" Template="Default" TooltipType="OnCursor" Name="Settings" Border="0" Picture="1" SwallowMouseClicks="1" Moveable="1" Escapable="1" Overlapped="1" TooltipColor="" Tooltip="">
        <Control Class="Window" LAnchorPoint="0" LAnchorOffset="0" TAnchorPoint="0" TAnchorOffset="0" RAnchorPoint="1" RAnchorOffset="0" BAnchorPoint="1" BAnchorOffset="-3" RelativeToClient="1" Font="Default" Text="" BGColor="white" TextColor="white" Template="Metal_Primary_NoNav" TooltipType="OnCursor" Name="BG" TooltipColor="" Border="1" IgnoreMouse="1" NewWindowDepth="1" UseTemplateBG="0" HideInEditor="0">
            <Control Class="Button" Base="CRB_Basekit:kitBtn_Close" Font="Thick" ButtonType="PushButton" RadioGroup="" LAnchorPoint="1" LAnchorOffset="-52" TAnchorPoint="0" TAnchorOffset="25" RAnchorPoint="1" RAnchorOffset="-20" BAnchorPoint="0" BAnchorOffset="54" DT_VCENTER="1" DT_CENTER="1" BGColor="white" TextColor="white" NormalTextColor="white" PressedTextColor="white" FlybyTextColor="white" PressedFlybyTextColor="white" DisabledTextColor="white" TooltipType="OnCursor" Name="Close" TooltipColor="" Template="Default" WindowSoundTemplate="CloseWindowPhys" HideInEditor="0">
                <Event Name="ButtonSignal" Function="OnCancel"/>
            </Control>
            <Pixie LAnchorPoint="0" LAnchorOffset="50" TAnchorPoint="0" TAnchorOffset="27" RAnchorPoint="1" RAnchorOffset="-50" BAnchorPoint="0" BAnchorOffset="63" BGColor="UI_WindowBGDefault" Font="CRB_HeaderMedium" TextColor="UI_WindowTitleYellow" Text="Engineer Resource Manager" TextId="" Sprite="BK3:sprMetal_Framing_Header" DT_CENTER="1" DT_VCENTER="1" Line="0"/>
        </Control>
        <Event Name="WindowClosed" Function="OnCancel"/>
        <Control Class="Window" LAnchorPoint="0" LAnchorOffset="30" TAnchorPoint="0" TAnchorOffset="70" RAnchorPoint="1" RAnchorOffset="-30" BAnchorPoint="1" BAnchorOffset="-28" RelativeToClient="1" Font="Default" Text="" BGColor="ffffffff" TextColor="UI_WindowTextDefault" Template="Holo_Background_Datachron" TooltipType="OnCursor" Name="MainWindow" TooltipColor="" Sprite="" Picture="1" IgnoreMouse="1" Border="0" UseTemplateBG="1">
            <Control Class="Window" LAnchorPoint="0" LAnchorOffset="5" TAnchorPoint="1" TAnchorOffset="-75" RAnchorPoint="1" RAnchorOffset="-5" BAnchorPoint="1" BAnchorOffset="-10" RelativeToClient="1" Font="Default" Text="" BGColor="UI_WindowBGDefault" TextColor="UI_WindowTextDefault" Template="Default" TooltipType="OnCursor" Name="Options" TooltipColor="" Sprite="CRB_Basekit:kitBase_HoloBlue_InsetBorder_Thick" Picture="1" IgnoreMouse="1">
                <Control Class="Window" LAnchorPoint="0" LAnchorOffset="15" TAnchorPoint="0" TAnchorOffset="7" RAnchorPoint="1" RAnchorOffset="-15" BAnchorPoint="0.5" BAnchorOffset="0" RelativeToClient="1" Font="Default" Text="" BGColor="UI_WindowBGDefault" TextColor="UI_WindowTextDefault" Template="Default" TooltipType="OnCursor" Name="Top" TooltipColor="" Tooltip="">
                    <Control Class="Window" LAnchorPoint="0" LAnchorOffset="0" TAnchorPoint="0" TAnchorOffset="0" RAnchorPoint="0" RAnchorOffset="145" BAnchorPoint="1" BAnchorOffset="0" RelativeToClient="1" Font="CRB_InterfaceSmall" Text="Max Volatility:" BGColor="UI_WindowBGDefault" TextColor="UI_TextHoloBodyHighlight" Template="Default" TooltipType="OnCursor" Name="MaxVol" TooltipColor="" DT_CENTER="0" DT_VCENTER="1" TextId="">
                        <Control Class="EditBox" Name="EditBox" Template="" Border="0" RelativeToClient="1" Font="CRB_Header9" TextColor="UI_TextHoloBody" BGColor="white" LAnchorPoint="1" LAnchorOffset="-57" TAnchorPoint="0" TAnchorOffset="1" RAnchorPoint="1" RAnchorOffset="-9" BAnchorPoint="1" BAnchorOffset="0" ReadOnly="1" TooltipColor="" Text="100" TextId="" DT_VCENTER="1" DT_CENTER="1" NoClip="0" DT_RIGHT="0" Sprite="BK3:UI_BK3_Holo_InsetSimple" Picture="1"/>
                    </Control>
                    <Control Class="Window" LAnchorPoint="0.333" LAnchorOffset="0" TAnchorPoint="0" TAnchorOffset="0" RAnchorPoint="0.666" RAnchorOffset="0" BAnchorPoint="1" BAnchorOffset="0" RelativeToClient="1" Font="CRB_InterfaceSmall" Text="In The Zone:" BGColor="UI_WindowBGDefault" TextColor="UI_TextHoloBodyHighlight" Template="Default" TooltipType="OnCursor" Name="InTheZone" TooltipColor="" TextId="" DT_CENTER="0" DT_VCENTER="1">
                        <Control Class="EditBox" LAnchorPoint="0" LAnchorOffset="70" TAnchorPoint="0" TAnchorOffset="1" RAnchorPoint="0" RAnchorOffset="101" BAnchorPoint="1" BAnchorOffset="0" RelativeToClient="1" Font="CRB_Header9" Text="" BGColor="UI_WindowBGDefault" TextColor="UI_TextHoloBody" Template="Default" TooltipType="OnCursor" Name="EditBoxLow" TooltipColor="" Sprite="BK3:UI_BK3_Holo_InsetSimple" Picture="1" TextId="CRB_0" MultiLine="0" DT_CENTER="1" DT_VCENTER="1"/>
                        <Control Class="EditBox" LAnchorPoint="0" LAnchorOffset="116" TAnchorPoint="0" TAnchorOffset="1" RAnchorPoint="1" RAnchorOffset="0" BAnchorPoint="1" BAnchorOffset="0" RelativeToClient="1" Font="CRB_Header9" Text="100" BGColor="UI_WindowBGDefault" TextColor="UI_TextHoloBody" Template="Default" TooltipType="OnCursor" Name="EditBoxHigh" TooltipColor="" Sprite="BK3:UI_BK3_Holo_InsetSimple" Picture="1" TextId="" DT_CENTER="1" DT_VCENTER="1"/>
                        <Pixie LAnchorPoint="0" LAnchorOffset="101" TAnchorPoint="0" TAnchorOffset="0" RAnchorPoint="0" RAnchorOffset="115" BAnchorPoint="1" BAnchorOffset="0" BGColor="UI_WindowBGDefault" Font="Default" TextColor="UI_TextHoloBodyHighlight" Text="" TextId="CRB__11" DT_CENTER="1" DT_VCENTER="1" Line="0"/>
                    </Control>
                    <Control Class="Window" LAnchorPoint="0.666" LAnchorOffset="0" TAnchorPoint="0" TAnchorOffset="0" RAnchorPoint="1" RAnchorOffset="0" BAnchorPoint="1" BAnchorOffset="0" RelativeToClient="1" Font="Default" Text="" BGColor="UI_WindowBGDefault" TextColor="UI_WindowTextDefault" Template="Default" TooltipType="OnCursor" Name="Window" TooltipColor="">
                        <Control Class="Button" Base="CRB_Basekit:kitBtn_Holo" Font="CRB_InterfaceSmall" ButtonType="PushButton" RadioGroup="" LAnchorPoint="0" LAnchorOffset="20" TAnchorPoint="0" TAnchorOffset="0" RAnchorPoint="1" RAnchorOffset="0" BAnchorPoint="1" BAnchorOffset="0" DT_VCENTER="1" DT_CENTER="1" BGColor="UI_BtnBGDefault" TextColor="UI_BtnTextDefault" NormalTextColor="UI_BtnTextHoloNormal" PressedTextColor="UI_BtnTextHoloPressed" FlybyTextColor="UI_BtnTextHoloFlyby" PressedFlybyTextColor="UI_BtnTextHoloPressedFlyby" DisabledTextColor="UI_BtnTextHoloDisabled" TooltipType="OnCursor" Name="EditColorSettings" TooltipColor="" Text="Edit Global Colors" TextId="">
                            <Event Name="ButtonSignal" Function="EditGlobalColors"/>
                        </Control>
                    </Control>
                </Control>
                <Control Class="Window" LAnchorPoint="0" LAnchorOffset="15" TAnchorPoint="0.5" TAnchorOffset="0" RAnchorPoint="1" RAnchorOffset="-15" BAnchorPoint="1" BAnchorOffset="-7" RelativeToClient="1" Font="CRB_InterfaceSmall" Text="" BGColor="UI_WindowBGDefault" TextColor="UI_WindowTextDefault" Template="Default" TooltipType="OnCursor" Name="Bottom" TooltipColor="" TextId="">
                    <Control Class="Window" LAnchorPoint="0" LAnchorOffset="0" TAnchorPoint="0" TAnchorOffset="0" RAnchorPoint="1" RAnchorOffset="0" BAnchorPoint="1" BAnchorOffset="0" RelativeToClient="1" Font="CRB_InterfaceSmall" Text="Dash Reserve:" BGColor="UI_WindowBGDefault" TextColor="UI_TextHoloBodyHighlight" Template="Default" TooltipType="OnCursor" Name="DashReserve" TooltipColor="" TextId="" DT_VCENTER="1" Tooltip="Number of dash tokens available before dash shows up on ERM (e.g. 1.75 will show when 1 and 3/4 tokens are available)." TooltipId="">
                        <Control Class="Window" LAnchorPoint="0" LAnchorOffset="80" TAnchorPoint="0" TAnchorOffset="1" RAnchorPoint="1" RAnchorOffset="0" BAnchorPoint="0" BAnchorOffset="33" RelativeToClient="1" Font="Default" Text="" Template="Default" TooltipType="OnCursor" Name="Slider" BGColor="white" TextColor="white" TooltipColor="" Picture="1" IgnoreMouse="1" Sprite="" HideInEditor="0">
                            <Control Class="SliderBar" Name="SliderBar" UseButtons="1" Min="0.000000" Max="2.000000" TickAmount="0.050000" BGColor="white" TextColor="white" Template="Holo_Scrolllist_Options" LAnchorPoint="0" LAnchorOffset="60" TAnchorPoint="0" TAnchorOffset="-4" RAnchorPoint="1" RAnchorOffset="-2" BAnchorPoint="1" BAnchorOffset="-4" DiscreteTicks="1" RelativeToClient="1" TooltipColor="" Text="" Sprite="" Picture="0" InitialValue="1.750000">
                                <Event Name="SliderBarChanged" Function="OnDashReserveSliderChanged"/>
                            </Control>
                            <Control Class="EditBox" Name="EditBox" Template="" Border="0" RelativeToClient="1" Font="CRB_Header9" TextColor="UI_TextHoloBody" BGColor="white" LAnchorPoint="0" LAnchorOffset="8" TAnchorPoint="0" TAnchorOffset="0" RAnchorPoint="0" RAnchorOffset="56" BAnchorPoint="1" BAnchorOffset="-7" ReadOnly="1" TooltipColor="" Text="1.75" TextId="" DT_VCENTER="1" DT_CENTER="1" NoClip="0" DT_RIGHT="0" Sprite="BK3:UI_BK3_Holo_InsetSimple" Picture="1"/>
                            <Pixie LAnchorPoint="0" LAnchorOffset="58" TAnchorPoint="0" TAnchorOffset="0" RAnchorPoint="1" RAnchorOffset="0" BAnchorPoint="1" BAnchorOffset="0" BGColor="UI_WindowBGDefault" Font="Default" TextColor="UI_WindowTextDefault" Text="" Sprite="BK3:UI_BK3_Holo_InsetSlider" Line="0"/>
                        </Control>
                    </Control>
                </Control>
            </Control>
            <Pixie LAnchorPoint="0" LAnchorOffset="5" TAnchorPoint="0" TAnchorOffset="5" RAnchorPoint="1" RAnchorOffset="-5" BAnchorPoint="1" BAnchorOffset="-80" BGColor="UI_WindowBGDefault" Font="Default" TextColor="UI_WindowTextDefault" Text="" Sprite="BK3:UI_BK3_Holo_InsetHeaderThin" Line="0"/>
            <Pixie LAnchorPoint="0" LAnchorOffset="10" TAnchorPoint="0" TAnchorOffset="15" RAnchorPoint="0" RAnchorOffset="50" BAnchorPoint="0" BAnchorOffset="40" BGColor="UI_WindowBGDefault" Font="CRB_InterfaceSmall" TextColor="UI_TextHoloBody" Text="Icon" TextId="" Sprite="BK3:btnHolo_ListView_TopNormal" DT_CENTER="1" DT_VCENTER="1" Line="0"/>
            <Pixie LAnchorPoint="0" LAnchorOffset="50" TAnchorPoint="0" TAnchorOffset="15" RAnchorPoint="0.5" RAnchorOffset="0" BAnchorPoint="0" BAnchorOffset="40" BGColor="UI_WindowBGDefault" Font="CRB_InterfaceSmall" TextColor="UI_TextHoloBody" Text="" TextId="ChallengeTypeAbility" Sprite="BK3:btnHolo_ListView_TopNormal" DT_CENTER="1" DT_VCENTER="1" Line="0"/>
            <Pixie LAnchorPoint="0.5" LAnchorOffset="0" TAnchorPoint="0" TAnchorOffset="15" RAnchorPoint="1" RAnchorOffset="-190" BAnchorPoint="0" BAnchorOffset="40" BGColor="UI_WindowBGDefault" Font="CRB_InterfaceSmall" TextColor="UI_TextHoloBody" Text="Volatility" TextId="" Sprite="BK3:btnHolo_ListView_TopNormal" DT_CENTER="1" DT_VCENTER="1" Line="0"/>
            <Pixie LAnchorPoint="1" LAnchorOffset="-190" TAnchorPoint="0" TAnchorOffset="15" RAnchorPoint="1" RAnchorOffset="-130" BAnchorPoint="0" BAnchorOffset="40" BGColor="UI_WindowBGDefault" Font="CRB_InterfaceSmall" TextColor="UI_TextHoloBody" Text="Colors" TextId="" Sprite="BK3:btnHolo_ListView_TopNormal" DT_CENTER="1" DT_VCENTER="1" Line="0"/>
            <Pixie LAnchorPoint="1" LAnchorOffset="-130" TAnchorPoint="0" TAnchorOffset="15" RAnchorPoint="1" RAnchorOffset="-70" BAnchorPoint="0" BAnchorOffset="40" BGColor="UI_WindowBGDefault" Font="CRB_InterfaceSmall" TextColor="UI_TextHoloBody" Text="Enabled" TextId="" Sprite="BK3:btnHolo_ListView_TopNormal" DT_CENTER="1" DT_VCENTER="1" Line="0"/>
            <Control Class="Window" LAnchorPoint="0" LAnchorOffset="10" TAnchorPoint="0" TAnchorOffset="40" RAnchorPoint="1" RAnchorOffset="-10" BAnchorPoint="1" BAnchorOffset="-80" RelativeToClient="1" Font="Default" Text="" BGColor="UI_WindowBGDefault" TextColor="UI_WindowTextDefault" Template="Default" TooltipType="OnCursor" Name="GainDrains" TooltipColor=""/>
            <Pixie LAnchorPoint="1" LAnchorOffset="-70" TAnchorPoint="0" TAnchorOffset="15" RAnchorPoint="1" RAnchorOffset="-10" BAnchorPoint="0" BAnchorOffset="40" BGColor="UI_WindowBGDefault" Font="CRB_InterfaceSmall" TextColor="UI_TextHoloBody" Text="" TextId="QuestLog_Active" Sprite="BK3:btnHolo_ListView_TopNormal" DT_CENTER="1" DT_VCENTER="1" Line="0"/>
            <Control Class="Window" LAnchorPoint="0" LAnchorOffset="5" TAnchorPoint="0" TAnchorOffset="10" RAnchorPoint="1" RAnchorOffset="-5" BAnchorPoint="1" BAnchorOffset="-80" RelativeToClient="1" Font="Default" Text="" BGColor="UI_WindowBGDefault" TextColor="UI_WindowTextDefault" Template="Default" TooltipType="OnCursor" Name="ColorSettings" TooltipColor="" Sprite="BK3:UI_BK3_Holo_InsetFramed_Darker" Picture="1" IgnoreMouse="1" NewWindowDepth="1" HideInEditor="1" Visible="0">
                <Control Class="Button" Base="CRB_PlayerPathSprites:btnPP_ListBack" Font="DefaultButton" ButtonType="PushButton" RadioGroup="" LAnchorPoint="0" LAnchorOffset="10" TAnchorPoint="0" TAnchorOffset="10" RAnchorPoint="0" RAnchorOffset="40" BAnchorPoint="0" BAnchorOffset="40" DT_VCENTER="1" DT_CENTER="1" BGColor="UI_BtnBGDefault" TextColor="UI_BtnTextDefault" NormalTextColor="UI_BtnTextDefault" PressedTextColor="UI_BtnTextDefault" FlybyTextColor="UI_BtnTextDefault" PressedFlybyTextColor="UI_BtnTextDefault" DisabledTextColor="UI_BtnTextDefault" TooltipType="OnCursor" Name="Button" TooltipColor="">
                    <Event Name="ButtonSignal" Function="YourFunctionName"/>
                </Control>
                <Control Class="Window" LAnchorPoint="0" LAnchorOffset="10" TAnchorPoint="0" TAnchorOffset="45" RAnchorPoint="1" RAnchorOffset="-10" BAnchorPoint="1" BAnchorOffset="-10" RelativeToClient="1" Font="Default" Text="" BGColor="UI_WindowBGDefault" TextColor="UI_WindowTextDefault" Template="Default" TooltipType="OnCursor" Name="Window" TooltipColor="" Sprite="BK3:UI_BK3_Holo_InsetSimple" Picture="1" IgnoreMouse="1"/>
                <Pixie LAnchorPoint="0.5" LAnchorOffset="-150" TAnchorPoint="0" TAnchorOffset="10" RAnchorPoint="0.5" RAnchorOffset="150" BAnchorPoint="0" BAnchorOffset="40" BGColor="UI_WindowBGDefault" Font="CRB_Header12_O" TextColor="UI_TextHoloTitle" Text="Color Settings - Dash" TextId="" Sprite="BK3:UI_BK3_Holo_InsetFlyout" DT_CENTER="1" DT_VCENTER="1" Line="0"/>
                <Control Class="Window" LAnchorPoint="1" LAnchorOffset="-40" TAnchorPoint="0" TAnchorOffset="10" RAnchorPoint="1" RAnchorOffset="-10" BAnchorPoint="0" BAnchorOffset="40" RelativeToClient="1" Font="Default" Text="" BGColor="UI_WindowBGDefault" TextColor="UI_WindowTextDefault" Template="Default" TooltipType="OnCursor" Name="Window1" TooltipColor="" Picture="1" IgnoreMouse="1" Sprite="IconSprites:Icon_SkillMisc_Explorer_safefail"/>
            </Control>
        </Control>
    </Form>
    <Form Class="Window" LAnchorPoint="0" LAnchorOffset="0" TAnchorPoint="0" TAnchorOffset="0" RAnchorPoint="1" RAnchorOffset="0" BAnchorPoint="0" BAnchorOffset="35" RelativeToClient="1" Font="Default" Text="" BGColor="UI_WindowBGDefault" TextColor="UI_WindowTextDefault" Template="Default" TooltipType="OnCursor" Name="GainDrainSettings" Border="0" Picture="0" SwallowMouseClicks="1" Moveable="0" Escapable="0" Overlapped="0" TooltipColor="" IgnoreMouse="0" Tooltip="">
        <Pixie LAnchorPoint="0" LAnchorOffset="0" TAnchorPoint="1" TAnchorOffset="-1" RAnchorPoint="1" RAnchorOffset="0" BAnchorPoint="1" BAnchorOffset="0" BGColor="UI_AlphaPercent10" Font="Default" TextColor="UI_WindowTextDefault" Text="" Sprite="WhiteFill" Line="0"/>
        <Control Class="Window" LAnchorPoint="0" LAnchorOffset="45" TAnchorPoint="0" TAnchorOffset="0" RAnchorPoint="0" RAnchorOffset="238" BAnchorPoint="1" BAnchorOffset="0" RelativeToClient="1" Font="CRB_InterfaceSmall" Text="Dash" BGColor="UI_WindowBGDefault" TextColor="UI_TextHoloTitle" Template="Default" TooltipType="OnCursor" Name="Name" TooltipColor="" TextId="" DT_VCENTER="1" IgnoreMouse="1" AutoScaleTextOff="0"/>
        <Control Class="Window" LAnchorPoint="0" LAnchorOffset="7" TAnchorPoint="0" TAnchorOffset="5" RAnchorPoint="0" RAnchorOffset="33" BAnchorPoint="1" BAnchorOffset="-4" RelativeToClient="1" Font="Default" Text="" BGColor="UI_WindowBGDefault" TextColor="UI_WindowTextDefault" Template="Default" TooltipType="OnCursor" Name="Sprite" TooltipColor="" Sprite="IconSprites:Icon_SkillMisc_Explorer_safefail" Picture="1" IgnoreMouse="1"/>
        <Control Class="Window" LAnchorPoint="0.5" LAnchorOffset="4" TAnchorPoint="0" TAnchorOffset="5" RAnchorPoint="1" RAnchorOffset="-184" BAnchorPoint="1" BAnchorOffset="-5" RelativeToClient="1" Font="Default" Text="" BGColor="UI_WindowBGDefault" TextColor="UI_WindowTextDefault" Template="Default" TooltipType="OnCursor" Name="Volatility" TooltipColor="" Sprite="BK3:UI_BK3_Holo_InsetSimple" Picture="1" IgnoreMouse="1" TextId="" DT_CENTER="1" DT_VCENTER="1">
            <Control Class="EditBox" LAnchorPoint="0" LAnchorOffset="5" TAnchorPoint="0" TAnchorOffset="0" RAnchorPoint="1" RAnchorOffset="-5" BAnchorPoint="1" BAnchorOffset="0" RelativeToClient="1" Font="CRB_Header9" Text="-15" BGColor="UI_WindowBGDefault" TextColor="UI_TextHoloBody" Template="Default" TooltipType="OnCursor" Name="EditBox" TooltipColor="" TextId="" DT_CENTER="1" DT_VCENTER="1"/>
        </Control>
        <Control Class="Button" Base="CRB_Basekit:kitBtn_Metal_Options" Font="DefaultButton" ButtonType="PushButton" RadioGroup="" LAnchorPoint="1" LAnchorOffset="-163" TAnchorPoint="0" TAnchorOffset="6" RAnchorPoint="1" RAnchorOffset="-138" BAnchorPoint="1" BAnchorOffset="-4" DT_VCENTER="1" DT_CENTER="1" BGColor="UI_BtnBGDefault" TextColor="UI_BtnTextDefault" NormalTextColor="UI_BtnTextDefault" PressedTextColor="UI_BtnTextDefault" FlybyTextColor="UI_BtnTextDefault" PressedFlybyTextColor="UI_BtnTextDefault" DisabledTextColor="UI_BtnTextDefault" TooltipType="OnCursor" Name="Settings" TooltipColor="">
            <Event Name="ButtonSignal" Function="Test"/>
        </Control>
        <Control Class="Button" Base="BK3:btnHolo_Check" Font="DefaultButton" ButtonType="Check" RadioGroup="" LAnchorPoint="1" LAnchorOffset="-101" TAnchorPoint="0" TAnchorOffset="5" RAnchorPoint="1" RAnchorOffset="-76" BAnchorPoint="1" BAnchorOffset="-5" DT_VCENTER="1" DT_CENTER="1" BGColor="UI_BtnBGDefault" TextColor="UI_BtnTextDefault" NormalTextColor="UI_BtnTextDefault" PressedTextColor="UI_BtnTextDefault" FlybyTextColor="UI_BtnTextDefault" PressedFlybyTextColor="UI_BtnTextDefault" DisabledTextColor="UI_BtnTextDefault" TooltipType="OnCursor" Name="Enabled" TooltipColor="">
            <Event Name="ButtonCheck" Function="OnEnableToggle"/>
            <Event Name="ButtonUncheck" Function="OnEnableToggle"/>
        </Control>
        <Control Class="Window" LAnchorPoint="0.94" LAnchorOffset="-15" TAnchorPoint="0.5" TAnchorOffset="-14" RAnchorPoint="0.94" RAnchorOffset="15" BAnchorPoint="0.5" BAnchorOffset="16" RelativeToClient="1" Font="Default" Text="" BGColor="UI_WindowBGDefault" TextColor="UI_WindowTextDefault" Template="Default" TooltipType="OnCursor" Name="Active" TooltipColor="" Sprite="BK3:sprWhiteCircle" Picture="1" IgnoreMouse="1"/>
    </Form>
    <Form Class="Window" LAnchorPoint="0" LAnchorOffset="10" TAnchorPoint="0" TAnchorOffset="10" RAnchorPoint="0" RAnchorOffset="300" BAnchorPoint="0" BAnchorOffset="225" RelativeToClient="1" Font="Default" Text="" BGColor="UI_WindowBGDefault" TextColor="UI_WindowTextDefault" Template="Default" TooltipType="OnCursor" Name="ColorSettings" Border="1" Picture="1" SwallowMouseClicks="1" Moveable="1" Escapable="1" Overlapped="1" TooltipColor=""/>
</Forms>
